id,name,phone,joinDate
MEM001,Christopher Osborne,(684)636-9060x6832,2025-01-01
MEM002,Elizabeth Gonzalez,413-316-4192,2023-11-10
MEM003,Danielle Palmer,(538)085-5121x125,2024-07-27
MEM004,Janice Greene,997.177.6166,2023-10-13
MEM005,Steven Suarez,+1-211-364-5662,2021-08-03
MEM006,Deanna Brown,213-161-5489,2022-03-05
MEM007,Ryan Mejia,+1-969-169-2121,2020-11-23
MEM008,Tamara Horne,228-270-9751,2021-08-20
MEM009,Victor Campbell,044.016.7445,2024-03-28
MEM010,John Dawson,+1-793-980-2999x9221,2024-01-29
MEM011,Danielle Mckinney,001-269-650-1327x743,2022-03-20
MEM012,Erica Stevens,896.041.8216,2023-02-21
MEM013,Dennis Carpenter,798.511.6626,2020-09-25
MEM014,Elizabeth Romero,001-879-483-2414,2020-07-12
MEM015,Virginia Gordon,+1-455-184-9289x028,2020-12-07
MEM016,Kathleen Smith,022.263.3407,2024-10-28
MEM017,Jessica Davis,745.022.1944,2020-02-06
MEM018,Richard Kirk,+1-208-585-8537x40927,2023-11-27
MEM019,Samantha Martin,+1-989-461-7153x716,2022-01-26
MEM020,Tammy Davis,674-220-7150x79395,2021-03-24
MEM021,Mary Robinson,+1-816-273-4271x622,2022-10-20
MEM022,Juan Mitchell,001-610-049-4131x7781,2024-01-13
MEM023,Gregory Brandt,5102703728,2022-01-27
MEM024,Brett Garcia,001-014-971-6256x3121,2022-03-10
MEM025,Jose Roberts,+1-644-834-2561x5382,2024-01-18
MEM026,Sherri Hamilton,(889)940-1888x6614,2024-04-04
MEM027,Elizabeth Davidson,+1-521-123-4514x5733,2022-07-01
MEM028,Kenneth Hays,+1-418-119-0146x8004,2022-08-24
MEM029,Christopher Garcia,+1-003-021-2335x79957,2020-11-30
MEM030,Ashley Oconnor,524-699-0910,2022-09-22
MEM031,Angelica Hayes,089-283-9253,2020-01-15
MEM032,Corey Velasquez,001-465-286-1840x30648,2021-01-01
MEM033,Debra Bush,(445)532-1333x1195,2021-09-27
MEM034,Zachary Burnett,806-421-3812x80407,2022-07-07
MEM035,John Hines,336.008.9582,2020-10-08
MEM036,Alexandra Flores,215.947.9900x046,2024-08-27
MEM037,James Adams,+1-059-550-2581x9180,2023-08-24
MEM038,Kimberly Christensen,155-925-5776x7464,2022-06-27
MEM039,Brett Banks,(298)105-2603,2020-01-09
MEM040,Damon Martinez,+1-604-343-8169x0349,2022-11-28
MEM041,Yvonne Nielsen,(592)425-8735x97523,2023-12-16
MEM042,Raymond Zhang,001-446-440-4989,2022-02-26
MEM043,Cindy Carson,+1-116-012-1727x76608,2020-11-01
MEM044,Jorge Brady,(884)005-5502x85143,2022-04-20
MEM045,Jessica Ray,(541)477-8072,2020-06-06
MEM046,Robert Garcia,(387)152-1484x07463,2022-09-23
MEM047,Jason Moore,424.916.9265x624,2020-07-23
MEM048,Anthony Carey,001-819-715-7544x8705,2021-03-15
MEM049,Dr. Matthew Miller,+1-336-981-4522x95810,2021-08-01
MEM050,Christina Edwards,+1-555-121-6991x726,2020-04-15
MEM051,Angela Steele,157.823.7273,2020-04-09
MEM052,Gabrielle Daugherty,001-329-889-8604x3359,2021-11-12
MEM053,Tiffany Fleming,1871037180,2021-02-25
MEM054,Morgan Hamilton,+1-195-700-1107x5583,2023-12-25
MEM055,Sean Baker,856.544.7139,2023-08-11
MEM056,Courtney Flowers,426.445.6337x51462,2023-06-28
MEM057,Cesar Martinez,733-979-1387,2023-01-06
MEM058,Toni Kerr,+1-197-156-9091,2020-05-29
MEM059,Brandy Serrano,4435022442,2021-10-24
MEM060,James Li,+1-784-312-1298x4615,2025-02-11
MEM061,Douglas Johnson,+1-376-368-0626x2172,2022-02-12
MEM062,John Trujillo,001-660-195-1489x54827,2022-01-15
MEM063,Steve Alvarez,+1-038-812-1191,2020-02-23
MEM064,Heather Kennedy,514.668.3585x91364,2021-11-05
MEM065,Devin Smith,001-646-555-1603x8391,2021-08-24
MEM066,Kerri Adams,938-134-1079,2022-11-25
MEM067,Kevin Wright,001-323-735-4474x4989,2020-11-27
MEM068,Mrs. Terri Cain,190-770-6182,2022-01-10
MEM069,Mrs. Susan Smith,(413)132-3733x588,2021-05-29
MEM070,Brian Flores,+1-293-644-5992x0390,2023-10-08
MEM071,Darryl George DDS,+1-334-783-9907x378,2020-11-03
MEM072,Richard Rodriguez,(740)019-5536x188,2023-01-07
MEM073,Brent Mcfarland,893-248-2428,2021-11-04
MEM074,Brittany Anderson,561-943-2441x768,2024-01-10
MEM075,Rachel Morrison,3311521467,2023-03-07
MEM076,James Stewart,311-736-4689x2956,2022-05-31
MEM077,Dr. Joseph Mclean,982-711-6664x86080,2023-01-08
MEM078,Thomas Armstrong,378-172-3235,2024-08-26
MEM079,James Velez,125.931.7366,2021-11-17
MEM080,Austin Scott,(820)866-7659,2024-01-05
MEM081,Sharon Garcia,001-637-108-3399,2024-07-14
MEM082,Dale Wong,(526)981-9049,2024-12-25
MEM083,Jared Stuart,064-452-6226,2021-10-06
MEM084,Brandon Randall,(146)983-2147x025,2021-07-15
MEM085,Crystal Castro,+1-663-150-5528x4699,2024-04-25
MEM086,Timothy Phillips,580.477.1138,2024-11-14
MEM087,Michael Robles,035-257-3234,2022-02-13
MEM088,Thomas Ferguson,+1-244-602-7438x258,2022-02-23
MEM089,Jessica Riley,8033838197,2025-01-27
MEM090,Christopher Jones,011.720.2537,2020-05-23
MEM091,Daniel Stephens,312-249-3010x5684,2022-01-20
MEM092,Jennifer Gregory,(258)138-7186x60324,2023-01-13
MEM093,Joshua Weaver,+1-455-032-9094x8458,2022-05-27
MEM094,Alan Dixon,+1-930-027-5920x221,2022-10-09
MEM095,Steven Douglas MD,(771)876-2228x23650,2023-02-12
MEM096,Kimberly Burns,+1-905-413-2297,2024-01-25
MEM097,Cheryl Williams,+1-861-008-7304x273,2020-04-14
MEM098,Victoria Lawrence,001-261-813-1022x8224,2021-09-19
MEM099,Jason Myers,(697)626-2431x3470,2021-05-15
MEM100,Kayla Gardner,(850)154-5120x9166,2021-05-05
